abs_set,draw,model,n_abs,spatial_auroc,gap
road_weighted,0,Slope only (logistic),975,0.6615345624453106,0.0053653302845416695
road_weighted,0,Logistic regression,975,0.6764589527739504,0.006775761229994348
road_weighted,0,Random forest,975,0.7113570002741556,0.017572720477427528
road_weighted,0,Random forest + road distance (ablation),975,0.7205447286189608,0.013542264010542038
road_weighted,0,Random forest + rainfall,975,0.6987365255140505,0.03795713170592252
road_weighted,0,Random forest + land cover,975,0.7596925520166269,0.03130333019383014
road_weighted,0,"Random forest + land cover (no built, crop)",975,0.7326149788701455,0.022515648487202555
road_weighted,1,Slope only (logistic),975,0.662288585094317,-0.01087711756948917
road_weighted,1,Logistic regression,975,0.6839594521835604,-0.013491269893515678
road_weighted,1,Random forest,975,0.7365681114726086,-0.026196818348279027
road_weighted,1,Random forest + road distance (ablation),975,0.7269109260266602,-0.01292428289021963
road_weighted,1,Random forest + rainfall,975,0.739784004149335,0.003325446004649568
road_weighted,1,Random forest + land cover,975,0.7623936468901797,0.01319305161149853
road_weighted,1,"Random forest + land cover (no built, crop)",975,0.7256801702599971,0.010084043034580548
road_weighted,2,Slope only (logistic),975,0.6575389553742165,0.004089474675266325
road_weighted,2,Logistic regression,975,0.6825252755060177,-0.0034595638896988135
road_weighted,2,Random forest,975,0.693195837873912,0.02300057030630187
road_weighted,2,Random forest + road distance (ablation),975,0.7037838064367776,0.018246021584953254
road_weighted,2,Random forest + rainfall,975,0.7127197561758507,0.04559195011156414
road_weighted,2,Random forest + land cover,975,0.7404815205886115,0.03449581426726589
road_weighted,2,"Random forest + land cover (no built, crop)",975,0.7065749914037533,0.04797637715571246
road_weighted,3,Slope only (logistic),975,0.6692658750342633,-0.010693606097621933
road_weighted,3,Logistic regression,975,0.6805526144387045,-0.008664313805464618
road_weighted,3,Random forest,975,0.718682128177621,-0.0073381370360590115
road_weighted,3,Random forest + road distance (ablation),975,0.713167814653534,0.008966515254075325
road_weighted,3,Random forest + rainfall,975,0.7536282816078406,0.003567469110177468
road_weighted,3,Random forest + land cover,975,0.754202237005718,0.022639522224705222
road_weighted,3,"Random forest + land cover (no built, crop)",975,0.7159294032632058,0.030672901314807266
road_weighted,4,Slope only (logistic),975,0.6291626785856175,-0.003093264419037345
road_weighted,4,Logistic regression,975,0.6519805336947453,-0.004030777647823336
road_weighted,4,Random forest,975,0.7052064665643766,0.0037966131269623338
road_weighted,4,Random forest + road distance (ablation),975,0.705489838723062,-0.0016052752433568518
road_weighted,4,Random forest + rainfall,975,0.721349627553216,0.011613450753991894
road_weighted,4,Random forest + land cover,975,0.7589946575660083,0.02130708297864725
road_weighted,4,"Random forest + land cover (no built, crop)",975,0.7237336172585258,0.008781002624515089
road_weighted,5,Slope only (logistic),975,0.6493385929544723,0.002241738544887517
road_weighted,5,Logistic regression,975,0.6715947978556525,-0.0030360241956642886
road_weighted,5,Random forest,975,0.7167964956454734,-0.003859715826102561
road_weighted,5,Random forest + road distance (ablation),975,0.7183509108585121,-0.0036818911692494405
road_weighted,5,Random forest + rainfall,975,0.7207611798674185,0.016304462542353515
road_weighted,5,Random forest + land cover,975,0.7629389641323359,0.019756630870951475
road_weighted,5,"Random forest + land cover (no built, crop)",975,0.7337625915709761,0.010811961181714347
road_weighted,6,Slope only (logistic),975,0.6571274993436653,-0.009311311932336253
road_weighted,6,Logistic regression,975,0.6616533096579383,0.0025869754730349914
road_weighted,6,Random forest,975,0.6909580413750394,0.024510313931372596
road_weighted,6,Random forest + road distance (ablation),975,0.6967787835175393,0.028955670961854474
road_weighted,6,Random forest + rainfall,975,0.6890101409785621,0.05141686341605367
road_weighted,6,Random forest + land cover,975,0.7429860545031468,0.039813350320549556
road_weighted,6,"Random forest + land cover (no built, crop)",975,0.7117141632275159,0.0439597355233059
road_weighted,7,Slope only (logistic),975,0.643219473947538,0.0135471961794561
road_weighted,7,Logistic regression,975,0.6573702733889828,0.013174728168164451
road_weighted,7,Random forest,975,0.6932625385781759,0.009964908738340217
road_weighted,7,Random forest + road distance (ablation),975,0.6948928634359776,0.00628641612386871
road_weighted,7,Random forest + rainfall,975,0.7005205759549582,0.05138917870783288
road_weighted,7,Random forest + land cover,975,0.7353722162010266,0.0371735466281371
road_weighted,7,"Random forest + land cover (no built, crop)",975,0.6965359998943431,0.032203402853156815
road_weighted,8,Slope only (logistic),975,0.6571953059015352,-0.006829549300960691
road_weighted,8,Logistic regression,975,0.6742265703963075,-0.0055709075706043
road_weighted,8,Random forest,975,0.7101796019641429,0.0043516966967103166
road_weighted,8,Random forest + road distance (ablation),975,0.7126125915765045,0.008067708779909255
road_weighted,8,Random forest + rainfall,975,0.7174608671059233,0.017276667064809237
road_weighted,8,Random forest + land cover,975,0.7640561536582832,0.01835569450255281
road_weighted,8,"Random forest + land cover (no built, crop)",975,0.7228846402892002,0.03679493339847073
road_weighted,9,Slope only (logistic),975,0.6549649832417969,0.008344473832842425
road_weighted,9,Logistic regression,975,0.67216366009863,0.006912432499729726
road_weighted,9,Random forest,975,0.7105165825270253,-0.012247438265978183
road_weighted,9,Random forest + road distance (ablation),975,0.6888728606071147,0.01674463480795152
road_weighted,9,Random forest + rainfall,975,0.6926278924365679,0.04054003724958033
road_weighted,9,Random forest + land cover,975,0.7558234867957895,0.015896295895653112
road_weighted,9,"Random forest + land cover (no built, crop)",975,0.712755362875574,0.031196330954662455
road_weighted,10,Slope only (logistic),975,0.6542178324859241,0.0006788767427688969
road_weighted,10,Logistic regression,975,0.6663404008488479,0.007657315335103054
road_weighted,10,Random forest,975,0.6942295877681192,0.033863079798232554
road_weighted,10,Random forest + road distance (ablation),975,0.7009952144978562,0.032188632694088115
road_weighted,10,Random forest + rainfall,975,0.694317193529541,0.05055079498217219
road_weighted,10,Random forest + land cover,975,0.7489666722355373,0.038891385136690104
road_weighted,10,"Random forest + land cover (no built, crop)",975,0.7036174367396246,0.06089344598988167
road_weighted,11,Slope only (logistic),975,0.645317661641611,0.008955496599158619
road_weighted,11,Logistic regression,975,0.6670779551913227,-0.002982311743452537
road_weighted,11,Random forest,975,0.7129192150668553,-0.002291857718850099
road_weighted,11,Random forest + road distance (ablation),975,0.7127562292995698,0.00801196337145671
road_weighted,11,Random forest + rainfall,975,0.7081312771182856,0.03309298669707139
road_weighted,11,Random forest + land cover,975,0.7543605639402922,0.027418044316048884
road_weighted,11,"Random forest + land cover (no built, crop)",975,0.7171046318447393,0.02872117527661444
road_weighted,12,Slope only (logistic),975,0.6427957746914903,0.017584861316676026
road_weighted,12,Logistic regression,975,0.6503714053968629,0.022451183620058157
road_weighted,12,Random forest,975,0.6972214686283509,0.02926318481986534
road_weighted,12,Random forest + road distance (ablation),975,0.6902905481783375,0.03567505616783362
road_weighted,12,Random forest + rainfall,975,0.6967965674348514,0.047225025007793575
road_weighted,12,Random forest + land cover,975,0.7229203046875794,0.04067601352412353
road_weighted,12,"Random forest + land cover (no built, crop)",975,0.6947436131019062,0.04645850461843015
road_weighted,13,Slope only (logistic),975,0.6434449220095176,0.006054368623376161
road_weighted,13,Logistic regression,975,0.6358425322187481,0.015947495117837995
road_weighted,13,Random forest,975,0.6757870039813617,0.009156765699250058
road_weighted,13,Random forest + road distance (ablation),975,0.6840533152701905,0.010896682999645746
road_weighted,13,Random forest + rainfall,975,0.6998845739096705,0.017839222761494633
road_weighted,13,Random forest + land cover,975,0.7131731887965846,0.03533298788772976
road_weighted,13,"Random forest + land cover (no built, crop)",975,0.6734916241983899,0.039026456011998056
road_weighted,14,Slope only (logistic),975,0.6366748421164965,0.01131989818593615
road_weighted,14,Logistic regression,975,0.6268711462283524,0.028841508188755416
road_weighted,14,Random forest,975,0.6668270702357834,0.021794335349184957
road_weighted,14,Random forest + road distance (ablation),975,0.6661341054958333,0.03124919496439027
road_weighted,14,Random forest + rainfall,975,0.6903608913108187,0.03745391196957171
road_weighted,14,Random forest + land cover,975,0.7453310733035622,0.017479750600379096
road_weighted,14,"Random forest + land cover (no built, crop)",975,0.7152979857282318,0.02579582374614442
road_weighted,15,Slope only (logistic),975,0.6603459018909053,-0.0004946959668248319
road_weighted,15,Logistic regression,975,0.6644125324480895,-0.009245225620863717
road_weighted,15,Random forest,975,0.704764652050893,0.00663089796813876
road_weighted,15,Random forest + road distance (ablation),975,0.7076591535667154,0.012704180804716136
road_weighted,15,Random forest + rainfall,975,0.7192199991563818,0.023769723671397625
road_weighted,15,Random forest + land cover,975,0.758193336055092,0.011860299018786047
road_weighted,15,"Random forest + land cover (no built, crop)",975,0.717502147249238,0.028365183800279303
road_weighted,16,Slope only (logistic),975,0.6358410743334327,0.0015256165555252998
road_weighted,16,Logistic regression,975,0.6536580851909302,-0.000757984841437076
road_weighted,16,Random forest,975,0.6860447752071595,0.0050400374161146955
road_weighted,16,Random forest + road distance (ablation),975,0.6929544553566152,0.0068919061091795575
road_weighted,16,Random forest + rainfall,975,0.7004470148186599,0.02115926913580235
road_weighted,16,Random forest + land cover,975,0.739034758404325,0.030798453817551197
road_weighted,16,"Random forest + land cover (no built, crop)",975,0.7007084012443152,0.03244983952526159
road_weighted,17,Slope only (logistic),975,0.6625830074114882,0.003909950822360675
road_weighted,17,Logistic regression,975,0.6636924003339886,0.009322582883423802
road_weighted,17,Random forest,975,0.7271915345362997,-0.006697399791152803
road_weighted,17,Random forest + road distance (ablation),975,0.7255869762179314,0.0038479523263088566
road_weighted,17,Random forest + rainfall,975,0.7394319638233495,-0.003507883405342027
road_weighted,17,Random forest + land cover,975,0.7495338269936659,0.020092457652861717
road_weighted,17,"Random forest + land cover (no built, crop)",975,0.714632086094548,0.022893433819635933
road_weighted,18,Slope only (logistic),975,0.6608404782402534,0.0019803806129941037
road_weighted,18,Logistic regression,975,0.6727892891234354,0.0041206385557229774
road_weighted,18,Random forest,975,0.7197136047544539,0.007891502688710195
road_weighted,18,Random forest + road distance (ablation),975,0.7238706253208793,0.008594857913834741
road_weighted,18,Random forest + rainfall,975,0.7186687946197909,0.029663673631705634
road_weighted,18,Random forest + land cover,975,0.7484077259622671,0.02469514956975838
road_weighted,18,"Random forest + land cover (no built, crop)",975,0.7266075762123261,0.022547065816809875
road_weighted,19,Slope only (logistic),975,0.6596919100244494,-0.0028823318383528473
road_weighted,19,Logistic regression,975,0.6816235546640097,-0.004978688059628977
road_weighted,19,Random forest,975,0.7025024512724041,0.01987479361496236
road_weighted,19,Random forest + road distance (ablation),975,0.7039489019798959,0.022849257125955535
road_weighted,19,Random forest + rainfall,975,0.7089679596954767,0.03750838896710673
road_weighted,19,Random forest + land cover,975,0.755053610798486,0.030345191928251913
road_weighted,19,"Random forest + land cover (no built, crop)",975,0.718345870044953,0.03532000074642394
uniform,0,Slope only (logistic),975,0.5244695182558192,0.0063121696918606585
uniform,0,Logistic regression,975,0.657901430969215,0.016782814160374193
uniform,0,Random forest,975,0.7893953553761941,-0.015613563618693815
uniform,0,Random forest + road distance (ablation),975,0.827893712772682,-0.0015869201500998686
uniform,0,Random forest + rainfall,975,0.793254829207229,0.007667694063472563
uniform,0,Random forest + land cover,975,0.8204800426364305,0.01227472396448992
uniform,0,"Random forest + land cover (no built, crop)",975,0.7926113087216518,0.017961375454271233
uniform,1,Slope only (logistic),975,0.5321486964438115,-0.0038245329779476034
uniform,1,Logistic regression,975,0.6828846157850446,-0.009603187361915677
uniform,1,Random forest,975,0.7727116278597904,0.021680565641714722
uniform,1,Random forest + road distance (ablation),975,0.8191811788408735,0.023918582396539656
uniform,1,Random forest + rainfall,975,0.7701376511963325,0.046305824356454806
uniform,1,Random forest + land cover,975,0.8266378027549429,0.0276934889852557
uniform,1,"Random forest + land cover (no built, crop)",975,0.7889061610789541,0.03664420398558099
uniform,2,Slope only (logistic),975,0.5468412229971673,-0.005077148115683494
uniform,2,Logistic regression,975,0.6580137704068582,0.0014484947234232326
uniform,2,Random forest,975,0.7772130458809119,0.010675808404703613
uniform,2,Random forest + road distance (ablation),975,0.8131780110095217,0.006511251594720657
uniform,2,Random forest + rainfall,975,0.7908254454216695,0.017969322563381795
uniform,2,Random forest + land cover,975,0.8216264451080866,0.012697925977418145
uniform,2,"Random forest + land cover (no built, crop)",975,0.8027381626404259,0.009188201593630652
uniform,3,Slope only (logistic),975,0.5319395206347294,-0.0029648156276357307
uniform,3,Logistic regression,975,0.6542558452907157,0.007569131352074598
uniform,3,Random forest,975,0.7696411623438347,0.0027039014992048527
uniform,3,Random forest + road distance (ablation),975,0.812033705781265,0.01459766554646258
uniform,3,Random forest + rainfall,975,0.7820056157410253,0.01542197690923941
uniform,3,Random forest + land cover,975,0.8296060784188295,0.013670159513278879
uniform,3,"Random forest + land cover (no built, crop)",975,0.780977526367914,0.02435968253204801
uniform,4,Slope only (logistic),975,0.5498997842473413,0.005008690094331247
uniform,4,Logistic regression,975,0.6360503834279758,0.012905635811444216
uniform,4,Random forest,975,0.7581462451132347,0.022414327916973953
uniform,4,Random forest + road distance (ablation),975,0.7949145277765896,0.021436211003298955
uniform,4,Random forest + rainfall,975,0.7539106175187321,0.04327336808630611
uniform,4,Random forest + land cover,975,0.8190119281373164,0.017321509005837288
uniform,4,"Random forest + land cover (no built, crop)",975,0.776850020467335,0.02598329556436152
uniform,5,Slope only (logistic),975,0.5284823752853567,0.004128441697929919
uniform,5,Logistic regression,975,0.6468984711363636,0.008293750047760562
uniform,5,Random forest,975,0.742716599327701,0.04833291795663419
uniform,5,Random forest + road distance (ablation),975,0.782163251327437,0.04677685040618684
uniform,5,Random forest + rainfall,975,0.757292804710716,0.05173518933752097
uniform,5,Random forest + land cover,975,0.8203288209548816,0.02785139289334837
uniform,5,"Random forest + land cover (no built, crop)",975,0.7722710995953428,0.04375229221752275
uniform,6,Slope only (logistic),975,0.5394539054798797,-0.006711596057408342
uniform,6,Logistic regression,975,0.6261972202899029,0.02225705148420687
uniform,6,Random forest,975,0.7625200266458106,0.007448484375331965
uniform,6,Random forest + road distance (ablation),975,0.8005303770788819,0.02439920525960737
uniform,6,Random forest + rainfall,975,0.7597588940784561,0.026486996782819294
uniform,6,Random forest + land cover,975,0.8092787476467344,0.02838691552500161
uniform,6,"Random forest + land cover (no built, crop)",975,0.7746044111755153,0.019685356636519824
uniform,7,Slope only (logistic),975,0.5227160311683597,0.005182512033827136
uniform,7,Logistic regression,975,0.6608107057371926,-0.00048474290110822604
uniform,7,Random forest,975,0.7672895390856236,0.008133139899808461
uniform,7,Random forest + road distance (ablation),975,0.8196113089459212,0.0021001689598887374
uniform,7,Random forest + rainfall,975,0.7787260284862668,0.02805967344113558
uniform,7,Random forest + land cover,975,0.819974550474749,0.017990084979765064
uniform,7,"Random forest + land cover (no built, crop)",975,0.7954264137170715,0.017254301878623868
uniform,8,Slope only (logistic),975,0.5114565982229053,0.0011867458374427153
uniform,8,Logistic regression,975,0.6801001721574222,-0.005885839481551081
uniform,8,Random forest,975,0.7997758346870505,-0.008802444604348758
uniform,8,Random forest + road distance (ablation),975,0.8221655812702167,0.009209898850202736
uniform,8,Random forest + rainfall,975,0.7941960542250422,0.0011851008322262269
uniform,8,Random forest + land cover,975,0.8204372885491938,0.02253928503466729
uniform,8,"Random forest + land cover (no built, crop)",975,0.7875242192102981,0.037266257968842975
uniform,9,Slope only (logistic),975,0.5355888130274884,0.004903245521250321
uniform,9,Logistic regression,975,0.6477649537372541,0.022571736113605745
uniform,9,Random forest,975,0.7644445503015971,0.015785215434241495
uniform,9,Random forest + road distance (ablation),975,0.8003908248758733,0.027900811512929113
uniform,9,Random forest + rainfall,975,0.7687679660893947,0.03318850299258058
uniform,9,Random forest + land cover,975,0.7951930285385153,0.04662779571145881
uniform,9,"Random forest + land cover (no built, crop)",975,0.7645877526153404,0.05626971650123802
uniform,10,Slope only (logistic),975,0.4998179599870224,0.0066369346460098955
uniform,10,Logistic regression,975,0.640655226490617,-0.002918972641002715
uniform,10,Random forest,975,0.7711217907260132,0.02290014774936666
uniform,10,Random forest + road distance (ablation),975,0.80664467975008,0.01738106508538151
uniform,10,Random forest + rainfall,975,0.7734744502852227,0.03491199907288656
uniform,10,Random forest + land cover,975,0.7895557370838913,0.043912549015973856
uniform,10,"Random forest + land cover (no built, crop)",975,0.7651982798421623,0.05667168105613862
uniform,11,Slope only (logistic),975,0.5428022719100977,-0.02039388407660858
uniform,11,Logistic regression,975,0.6667278355060016,0.004830349898337749
uniform,11,Random forest,975,0.79059144373071,-0.015455279849606818
uniform,11,Random forest + road distance (ablation),975,0.8298093757169038,0.0013093481143707786
uniform,11,Random forest + rainfall,975,0.7796411333921794,0.014283223852015858
uniform,11,Random forest + land cover,975,0.8276639620853802,0.008029314498584683
uniform,11,"Random forest + land cover (no built, crop)",975,0.8220970335921484,-0.002152398829699753
uniform,12,Slope only (logistic),975,0.4901490883692137,0.016227602865777124
uniform,12,Logistic regression,975,0.6434719235667304,0.0034085913299788384
uniform,12,Random forest,975,0.7552352619117809,0.021063225925168516
uniform,12,Random forest + road distance (ablation),975,0.7928728712144972,0.019552472222991835
uniform,12,Random forest + rainfall,975,0.7732538776627231,0.013464001848678686
uniform,12,Random forest + land cover,975,0.7939002204930015,0.04102278722352859
uniform,12,"Random forest + land cover (no built, crop)",975,0.7664842519983701,0.04568987167372918
uniform,13,Slope only (logistic),975,0.5494061193022304,-0.004337431804393166
uniform,13,Logistic regression,975,0.6673333102438314,0.009442356734264856
uniform,13,Random forest,975,0.7817439000260864,0.011909167554106759
uniform,13,Random forest + road distance (ablation),975,0.8144780196856223,0.013680740133056646
uniform,13,Random forest + rainfall,975,0.775556585370289,0.0330547852653732
uniform,13,Random forest + land cover,975,0.8166636063388916,0.021316946621418476
uniform,13,"Random forest + land cover (no built, crop)",975,0.7866986626752438,0.03420379069684509
uniform,14,Slope only (logistic),975,0.537180817229847,-0.015964166134653346
uniform,14,Logistic regression,975,0.6538507722707072,0.007848940522123038
uniform,14,Random forest,975,0.774686718238947,0.001974757936699101
uniform,14,Random forest + road distance (ablation),975,0.8151892433607241,0.005903528015448245
uniform,14,Random forest + rainfall,975,0.7825657154229544,0.012975306757743943
uniform,14,Random forest + land cover,975,0.8175691659880828,0.018348339807965464
uniform,14,"Random forest + land cover (no built, crop)",975,0.7966402958200751,0.008031146098330444
uniform,15,Slope only (logistic),975,0.5554169024318769,-0.015600991846735579
uniform,15,Logistic regression,975,0.6507205627330735,0.01665823930159882
uniform,15,Random forest,975,0.7878014207197286,-0.0011465191660415819
uniform,15,Random forest + road distance (ablation),975,0.8388150012903015,-0.0013728752651795961
uniform,15,Random forest + rainfall,975,0.78644571801065,0.0180215645942845
uniform,15,Random forest + land cover,975,0.8311813070657266,0.011450617914376515
uniform,15,"Random forest + land cover (no built, crop)",975,0.8171740746146552,0.002040431077583338
uniform,16,Slope only (logistic),975,0.5391541441267351,-0.00962786294053497
uniform,16,Logistic regression,975,0.6554678780877531,0.0037929959909348554
uniform,16,Random forest,975,0.7625276873377633,0.009539166186580017
uniform,16,Random forest + road distance (ablation),975,0.823037682497492,-0.003091663604104622
uniform,16,Random forest + rainfall,975,0.7690377420265123,0.031132506078958566
uniform,16,Random forest + land cover,975,0.8244838057259181,0.007384425008709505
uniform,16,"Random forest + land cover (no built, crop)",975,0.7862966111665529,0.025435974736073397
uniform,17,Slope only (logistic),975,0.532638708078629,0.003132079837907864
uniform,17,Logistic regression,975,0.6738372144492486,-0.005977426913347683
uniform,17,Random forest,975,0.788813682873608,-0.0026660653089863873
uniform,17,Random forest + road distance (ablation),975,0.8129788365695795,0.01235145167568863
uniform,17,Random forest + rainfall,975,0.7774248148712019,0.03511956382702308
uniform,17,Random forest + land cover,975,0.8316541054948591,0.008500225104815518
uniform,17,"Random forest + land cover (no built, crop)",975,0.8029224635638318,0.011680809905838418
uniform,18,Slope only (logistic),975,0.5735372414595328,-0.0061349091989009175
uniform,18,Logistic regression,975,0.718206891214377,-0.015477385003089483
uniform,18,Random forest,975,0.7693170254610097,-0.006572985874864767
uniform,18,Random forest + road distance (ablation),975,0.82948807871684,0.0010050179301027695
uniform,18,Random forest + rainfall,975,0.770836952441876,0.019342638547431568
uniform,18,Random forest + land cover,975,0.8361998965466018,0.013567915488416737
uniform,18,"Random forest + land cover (no built, crop)",975,0.790580277475435,0.03106337801437431
uniform,19,Slope only (logistic),975,0.5309695845533875,0.009579915429310804
uniform,19,Logistic regression,975,0.6672485955124692,0.008720123128314161
uniform,19,Random forest,975,0.7862364364642426,-0.0037180102211200605
uniform,19,Random forest + road distance (ablation),975,0.8155025746820288,0.018075057762000468
uniform,19,Random forest + rainfall,975,0.7878807721889343,0.01034684814394915
uniform,19,Random forest + land cover,975,0.8195810069234316,0.03160553932384336
uniform,19,"Random forest + land cover (no built, crop)",975,0.789011141161784,0.03220343373700152
