model,cutoff_km,block_km,buffer_km,n_pres,n_abs,random_auroc,spatial_auroc,spatial_auroc_sd_over_seeds,gap,random_prauc,spatial_prauc,spatial_folds_scored
Slope only (logistic),5.0,25,0,194,975,0.5313145783591129,0.5357603637403852,0.006296704741266401,-0.00444578538127236,0.18721573824371993,0.18519902872836988,5.0
Elevation only (logistic),5.0,25,0,194,975,0.5493354095297416,0.5484773571000442,0.0024232995662115107,0.0008580524296973203,0.16744477440026403,0.16778074479483743,5.0
Logistic regression,5.0,25,0,194,975,0.6745020934980449,0.6731298125049505,0.005275090009461904,0.0013722809930943214,0.27585527265471227,0.27382951383947374,5.0
Random forest,5.0,25,0,194,975,0.7701730855738954,0.763931025823736,0.007636408789954466,0.0062420597501593456,0.3508585701223962,0.3466650034867385,5.0
Slope only (logistic),5.0,25,10,194,975,0.5313145783591129,0.5357603637403852,0.006296704741266401,-0.00444578538127236,0.18721573824371993,0.18519902872836988,5.0
Elevation only (logistic),5.0,25,10,194,975,0.5493354095297416,0.5484773571000442,0.0024232995662115107,0.0008580524296973203,0.16744477440026403,0.16778074479483743,5.0
Logistic regression,5.0,25,10,194,975,0.6745020934980449,0.6716746129761008,0.0058646784643053215,0.002827480521944081,0.27585527265471227,0.27537944617889404,5.0
Random forest,5.0,25,10,194,975,0.7701730855738954,0.7645547163092663,0.005575066817781754,0.005618369264629086,0.3508585701223962,0.34616526643395756,5.0
Slope only (logistic),5.0,50,0,194,975,0.5313145783591129,0.5270104529716606,0.005350626305385296,0.0043041253874522845,0.18721573824371993,0.1816974579972897,5.0
Elevation only (logistic),5.0,50,0,194,975,0.5493354095297416,0.5467262971325162,0.004852390029641285,0.002609112397225366,0.16744477440026403,0.1666693487319384,5.0
Logistic regression,5.0,50,0,194,975,0.6745020934980449,0.6623144496786366,0.008167496971480816,0.012187643819408312,0.27585527265471227,0.2629486673452468,5.0
Random forest,5.0,50,0,194,975,0.7701730855738954,0.7643528830045527,0.007034046472499492,0.005820202569342592,0.3508585701223962,0.34284472014936307,5.0
Slope only (logistic),5.0,50,10,194,975,0.5313145783591129,0.5270104529716606,0.005350626305385296,0.0043041253874522845,0.18721573824371993,0.1816974579972897,5.0
Elevation only (logistic),5.0,50,10,194,975,0.5493354095297416,0.5467262971325162,0.004852390029641285,0.002609112397225366,0.16744477440026403,0.1666693487319384,5.0
Logistic regression,5.0,50,10,194,975,0.6745020934980449,0.6596378132865772,0.006566135902603771,0.014864280211467618,0.27585527265471227,0.26329925678263566,5.0
Random forest,5.0,50,10,194,975,0.7701730855738954,0.7666878966282257,0.012403445536107118,0.0034851889456696704,0.3508585701223962,0.3433097069342833,5.0
Slope only (logistic),5.0,100,0,194,975,0.5313145783591129,0.5457320761531409,0.016779715043265604,-0.014417497794028056,0.18721573824371993,0.18997638491839122,5.0
Elevation only (logistic),5.0,100,0,194,975,0.5493354095297416,0.5493337461910854,0.02909704244329886,1.6633386560771512e-06,0.16744477440026403,0.18422926691558827,5.0
Logistic regression,5.0,100,0,194,975,0.6745020934980449,0.6683545322378818,0.011684555764194068,0.00614756126016307,0.27585527265471227,0.27196140096227206,5.0
Random forest,5.0,100,0,194,975,0.7701730855738954,0.7671879676269171,0.006182241280779447,0.0029851179469782218,0.3508585701223962,0.345567636818575,5.0
Slope only (logistic),5.0,100,10,194,975,0.5313145783591129,0.5457320761531409,0.016779715043265604,-0.014417497794028056,0.18721573824371993,0.18997638491839122,5.0
Elevation only (logistic),5.0,100,10,194,975,0.5493354095297416,0.5493337461910854,0.02909704244329886,1.6633386560771512e-06,0.16744477440026403,0.18422926691558827,5.0
Logistic regression,5.0,100,10,194,975,0.6745020934980449,0.666476177984171,0.01187941978890383,0.008025915513873993,0.27585527265471227,0.2707813447259354,5.0
Random forest,5.0,100,10,194,975,0.7701730855738954,0.7699371939986998,0.0051145599759696144,0.00023589157519552373,0.3508585701223962,0.34993149987977173,5.0
Slope only (logistic),10.0,25,0,291,975,0.52199613361507,0.5253897848155382,0.004698329249669187,-0.003393651200468195,0.2439894617096229,0.24342862244216096,5.0
Elevation only (logistic),10.0,25,0,291,975,0.5628699965532228,0.5619205510285564,0.0019011396361569924,0.0009494455246662925,0.23369204523633397,0.2338081436836367,5.0
Logistic regression,10.0,25,0,291,975,0.6563054743814533,0.656959292565134,0.0027117856713803614,-0.0006538181836807544,0.3476871270875248,0.34829226796793306,5.0
Random forest,10.0,25,0,291,975,0.7537548592066419,0.7489168514040682,0.0061311836726530775,0.004838007802573574,0.4231993791069654,0.4211946394691196,5.0
Slope only (logistic),10.0,25,10,291,975,0.52199613361507,0.5253897848155382,0.004698329249669187,-0.003393651200468195,0.2439894617096229,0.24342862244216096,5.0
Elevation only (logistic),10.0,25,10,291,975,0.5628699965532228,0.5619205510285564,0.0019011396361569924,0.0009494455246662925,0.23369204523633397,0.2338081436836367,5.0
Logistic regression,10.0,25,10,291,975,0.6563054743814533,0.6556642181390544,0.0033789839221895863,0.0006412562423989243,0.3476871270875248,0.3472126531152842,5.0
Random forest,10.0,25,10,291,975,0.7537548592066419,0.7507801002813952,0.006002888669700825,0.0029747589252466567,0.4231993791069654,0.4201894855113847,5.0
Slope only (logistic),10.0,50,0,291,975,0.52199613361507,0.5206370120938653,0.005978242460067984,0.0013591215212046758,0.2439894617096229,0.23845810977058565,5.0
Elevation only (logistic),10.0,50,0,291,975,0.5628699965532228,0.5579061842168455,0.004175869210520411,0.004963812336377304,0.23369204523633397,0.2316111841458989,5.0
Logistic regression,10.0,50,0,291,975,0.6563054743814533,0.6451153850649972,0.006778595401759521,0.011190089316455997,0.3476871270875248,0.3287804082065341,5.0
Random forest,10.0,50,0,291,975,0.7537548592066419,0.75012068236763,0.007502599174176717,0.0036341768390119266,0.4231993791069654,0.40824627800698277,5.0
Slope only (logistic),10.0,50,10,291,975,0.52199613361507,0.5206370120938653,0.005978242460067984,0.0013591215212046758,0.2439894617096229,0.23845810977058565,5.0
Elevation only (logistic),10.0,50,10,291,975,0.5628699965532228,0.5579061842168455,0.004175869210520411,0.004963812336377304,0.23369204523633397,0.2316111841458989,5.0
Logistic regression,10.0,50,10,291,975,0.6563054743814533,0.6401104610170342,0.0060653453614977265,0.016195013364419086,0.3476871270875248,0.3275532939837344,5.0
Random forest,10.0,50,10,291,975,0.7537548592066419,0.7480353745048792,0.008963284117728811,0.005719484701762556,0.4231993791069654,0.4111997453943356,5.0
Slope only (logistic),10.0,100,0,291,975,0.52199613361507,0.5375790304693037,0.016510705413531845,-0.015582896854233686,0.2439894617096229,0.24179985241300694,5.0
Elevation only (logistic),10.0,100,0,291,975,0.5628699965532228,0.5610576233091589,0.02800213657124568,0.001812373244063914,0.23369204523633397,0.24340836012799186,5.0
Logistic regression,10.0,100,0,291,975,0.6563054743814533,0.6528202411989438,0.008189435355503035,0.003485233182509595,0.3476871270875248,0.3328564552556852,5.0
Random forest,10.0,100,0,291,975,0.7537548592066419,0.7550680730426871,0.006063273976852011,-0.0013132138360451018,0.4231993791069654,0.4063344494724149,5.0
Slope only (logistic),10.0,100,10,291,975,0.52199613361507,0.5375790304693037,0.016510705413531845,-0.015582896854233686,0.2439894617096229,0.24179985241300694,5.0
Elevation only (logistic),10.0,100,10,291,975,0.5628699965532228,0.5610576233091589,0.02800213657124568,0.001812373244063914,0.23369204523633397,0.24340836012799186,5.0
Logistic regression,10.0,100,10,291,975,0.6563054743814533,0.6504066974952638,0.009351851916192398,0.00589877688618945,0.3476871270875248,0.33213464359033984,5.0
Random forest,10.0,100,10,291,975,0.7537548592066419,0.7549310291176707,0.006926511296602157,-0.001176169911028957,0.4231993791069654,0.40788646916103344,5.0
