abs_set,model,cutoff_km,block_km,buffer_km,n_pres,n_abs,random_auroc,spatial_auroc,spatial_auroc_sd_over_seeds,gap,random_prauc,spatial_prauc,spatial_folds_scored
uniform,Slope only (logistic),5.0,25,0,194,975,0.5313145783591129,0.5357603637403852,0.006296704741266401,-0.00444578538127236,0.18721573824371993,0.18519902872836988,5.0
uniform,Elevation only (logistic),5.0,25,0,194,975,0.5493354095297416,0.5484773571000442,0.0024232995662115107,0.0008580524296973203,0.16744477440026403,0.16778074479483743,5.0
uniform,Logistic regression,5.0,25,0,194,975,0.6745020934980449,0.6731298125049505,0.005275090009461904,0.0013722809930943214,0.27585527265471227,0.27382951383947374,5.0
uniform,Random forest,5.0,25,0,194,975,0.7701730855738954,0.763931025823736,0.007636408789954466,0.0062420597501593456,0.3508585701223962,0.3466650034867385,5.0
uniform,Random forest + road distance (ablation),5.0,25,0,194,975,0.8234300148794075,0.8145771695266,0.0041043990551307115,0.008852845352807637,0.4829409146716127,0.4684036732682806,5.0
uniform,Road distance only (logistic),5.0,25,0,194,975,0.7418491989342191,0.7391545316423798,0.0030822642574198996,0.0026946672918393365,0.3708608081207719,0.3638036139125519,5.0
uniform,Random forest + river distance,5.0,25,0,194,975,0.780913803245787,0.7688306886152454,0.010682703540338255,0.012083114630541592,0.3744629014692299,0.37015415725038964,5.0
uniform,River distance only (logistic),5.0,25,0,194,975,0.5915051731893837,0.5878971501279077,0.005759641868226221,0.00360802306147594,0.24015109067503473,0.2358341331020793,5.0
uniform,Random forest + road + river distance,5.0,25,0,194,975,0.8283957230353991,0.8132786814260493,0.004066387419716179,0.015117041609349879,0.4861765317979786,0.46158143288237313,5.0
uniform,Slope only (logistic),5.0,25,10,194,975,0.5313145783591129,0.5357603637403852,0.006296704741266401,-0.00444578538127236,0.18721573824371993,0.18519902872836988,5.0
uniform,Elevation only (logistic),5.0,25,10,194,975,0.5493354095297416,0.5484773571000442,0.0024232995662115107,0.0008580524296973203,0.16744477440026403,0.16778074479483743,5.0
uniform,Logistic regression,5.0,25,10,194,975,0.6745020934980449,0.6716746129761008,0.0058646784643053215,0.002827480521944081,0.27585527265471227,0.27537944617889404,5.0
uniform,Random forest,5.0,25,10,194,975,0.7701730855738954,0.7645547163092663,0.005575066817781754,0.005618369264629086,0.3508585701223962,0.34616526643395756,5.0
uniform,Random forest + road distance (ablation),5.0,25,10,194,975,0.8234300148794075,0.8140961353333458,0.007380870179132951,0.009333879546061907,0.4829409146716127,0.4673443544091992,5.0
uniform,Road distance only (logistic),5.0,25,10,194,975,0.7418491989342191,0.7391545316423798,0.0030822642574198996,0.0026946672918393365,0.3708608081207719,0.3638036139125519,5.0
uniform,Random forest + river distance,5.0,25,10,194,975,0.780913803245787,0.7693234507787607,0.00836661016687924,0.011590352467026221,0.3744629014692299,0.36676320889166514,5.0
uniform,River distance only (logistic),5.0,25,10,194,975,0.5915051731893837,0.5878971501279077,0.005759641868226221,0.00360802306147594,0.24015109067503473,0.2358341331020793,5.0
uniform,Random forest + road + river distance,5.0,25,10,194,975,0.8283957230353991,0.8141413780913538,0.004428668282876426,0.01425434494404525,0.4861765317979786,0.4595586062917363,5.0
uniform,Slope only (logistic),5.0,50,0,194,975,0.5313145783591129,0.5270104529716606,0.005350626305385296,0.0043041253874522845,0.18721573824371993,0.1816974579972897,5.0
uniform,Elevation only (logistic),5.0,50,0,194,975,0.5493354095297416,0.5467262971325162,0.004852390029641285,0.002609112397225366,0.16744477440026403,0.1666693487319384,5.0
uniform,Logistic regression,5.0,50,0,194,975,0.6745020934980449,0.6623144496786366,0.008167496971480816,0.012187643819408312,0.27585527265471227,0.2629486673452468,5.0
uniform,Random forest,5.0,50,0,194,975,0.7701730855738954,0.7643528830045527,0.007034046472499492,0.005820202569342592,0.3508585701223962,0.34284472014936307,5.0
uniform,Random forest + road distance (ablation),5.0,50,0,194,975,0.8234300148794075,0.8139826118369662,0.005998481520958786,0.009447403042441382,0.4829409146716127,0.4631462424728018,5.0
uniform,Road distance only (logistic),5.0,50,0,194,975,0.7418491989342191,0.740566121789277,0.005385651596487547,0.0012830771449421352,0.3708608081207719,0.35803931570255465,5.0
uniform,Random forest + river distance,5.0,50,0,194,975,0.780913803245787,0.7716423909812591,0.005503545419462862,0.009271412264527924,0.3744629014692299,0.3652645171405564,5.0
uniform,River distance only (logistic),5.0,50,0,194,975,0.5915051731893837,0.581823647493723,0.013160150526918097,0.009681525695660697,0.24015109067503473,0.22977685739952608,5.0
uniform,Random forest + road + river distance,5.0,50,0,194,975,0.8283957230353991,0.8159763331776381,0.005710278107204166,0.012419389857761098,0.4861765317979786,0.45496820755144507,5.0
uniform,Slope only (logistic),5.0,50,10,194,975,0.5313145783591129,0.5270104529716606,0.005350626305385296,0.0043041253874522845,0.18721573824371993,0.1816974579972897,5.0
uniform,Elevation only (logistic),5.0,50,10,194,975,0.5493354095297416,0.5467262971325162,0.004852390029641285,0.002609112397225366,0.16744477440026403,0.1666693487319384,5.0
uniform,Logistic regression,5.0,50,10,194,975,0.6745020934980449,0.6596378132865772,0.006566135902603771,0.014864280211467618,0.27585527265471227,0.26329925678263566,5.0
uniform,Random forest,5.0,50,10,194,975,0.7701730855738954,0.7666878966282257,0.012403445536107118,0.0034851889456696704,0.3508585701223962,0.3433097069342833,5.0
uniform,Random forest + road distance (ablation),5.0,50,10,194,975,0.8234300148794075,0.8129628757476162,0.008129247472725209,0.010467139131791337,0.4829409146716127,0.46804589560701687,5.0
uniform,Road distance only (logistic),5.0,50,10,194,975,0.7418491989342191,0.740566121789277,0.005385651596487547,0.0012830771449421352,0.3708608081207719,0.35803931570255465,5.0
uniform,Random forest + river distance,5.0,50,10,194,975,0.780913803245787,0.7705609009850072,0.009210724434424179,0.010352902260779829,0.3744629014692299,0.3672232933329933,5.0
uniform,River distance only (logistic),5.0,50,10,194,975,0.5915051731893837,0.581823647493723,0.013160150526918097,0.009681525695660697,0.24015109067503473,0.22977685739952608,5.0
uniform,Random forest + road + river distance,5.0,50,10,194,975,0.8283957230353991,0.8139984365924822,0.00914813380210632,0.014397286442917068,0.4861765317979786,0.4518305376940702,5.0
uniform,Slope only (logistic),5.0,100,0,194,975,0.5313145783591129,0.5457320761531409,0.016779715043265604,-0.014417497794028056,0.18721573824371993,0.18997638491839122,5.0
uniform,Elevation only (logistic),5.0,100,0,194,975,0.5493354095297416,0.5493337461910854,0.02909704244329886,1.6633386560771512e-06,0.16744477440026403,0.18422926691558827,5.0
uniform,Logistic regression,5.0,100,0,194,975,0.6745020934980449,0.6683545322378818,0.011684555764194068,0.00614756126016307,0.27585527265471227,0.27196140096227206,5.0
uniform,Random forest,5.0,100,0,194,975,0.7701730855738954,0.7671879676269171,0.006182241280779447,0.0029851179469782218,0.3508585701223962,0.345567636818575,5.0
uniform,Random forest + road distance (ablation),5.0,100,0,194,975,0.8234300148794075,0.8100457830542803,0.017337815637624144,0.013384231825127291,0.4829409146716127,0.4548385291666569,5.0
uniform,Road distance only (logistic),5.0,100,0,194,975,0.7418491989342191,0.727089215034923,0.01692298656793723,0.014759983899296248,0.3708608081207719,0.34594575439487063,5.0
uniform,Random forest + river distance,5.0,100,0,194,975,0.780913803245787,0.7758220782227137,0.011512318265922925,0.005091725023073446,0.3744629014692299,0.37283116535820315,5.0
uniform,River distance only (logistic),5.0,100,0,194,975,0.5915051731893837,0.571113041830246,0.028653600116222686,0.02039213135913769,0.24015109067503473,0.23505464053629557,5.0
uniform,Random forest + road + river distance,5.0,100,0,194,975,0.8283957230353991,0.8106196921881281,0.019221773475312485,0.01777603084727113,0.4861765317979786,0.44557172739540996,5.0
uniform,Slope only (logistic),5.0,100,10,194,975,0.5313145783591129,0.5457320761531409,0.016779715043265604,-0.014417497794028056,0.18721573824371993,0.18997638491839122,5.0
uniform,Elevation only (logistic),5.0,100,10,194,975,0.5493354095297416,0.5493337461910854,0.02909704244329886,1.6633386560771512e-06,0.16744477440026403,0.18422926691558827,5.0
uniform,Logistic regression,5.0,100,10,194,975,0.6745020934980449,0.666476177984171,0.01187941978890383,0.008025915513873993,0.27585527265471227,0.2707813447259354,5.0
uniform,Random forest,5.0,100,10,194,975,0.7701730855738954,0.7699371939986998,0.0051145599759696144,0.00023589157519552373,0.3508585701223962,0.34993149987977173,5.0
uniform,Random forest + road distance (ablation),5.0,100,10,194,975,0.8234300148794075,0.8084726523199119,0.015645736747353287,0.014957362559495669,0.4829409146716127,0.4502288634174376,5.0
uniform,Road distance only (logistic),5.0,100,10,194,975,0.7418491989342191,0.727089215034923,0.01692298656793723,0.014759983899296248,0.3708608081207719,0.34594575439487063,5.0
uniform,Random forest + river distance,5.0,100,10,194,975,0.780913803245787,0.7730407151750537,0.009091338548656163,0.007873088070733303,0.3744629014692299,0.36792731493013914,5.0
uniform,River distance only (logistic),5.0,100,10,194,975,0.5915051731893837,0.571113041830246,0.028653600116222686,0.02039213135913769,0.24015109067503473,0.23505464053629557,5.0
uniform,Random forest + road + river distance,5.0,100,10,194,975,0.8283957230353991,0.8117642591605115,0.017635982395512145,0.01663146387488774,0.4861765317979786,0.44775058697382786,5.0
uniform,Slope only (logistic),10.0,25,0,291,975,0.52199613361507,0.5253897848155382,0.004698329249669187,-0.003393651200468195,0.2439894617096229,0.24342862244216096,5.0
uniform,Elevation only (logistic),10.0,25,0,291,975,0.5628699965532228,0.5619205510285564,0.0019011396361569924,0.0009494455246662925,0.23369204523633397,0.2338081436836367,5.0
uniform,Logistic regression,10.0,25,0,291,975,0.6563054743814533,0.656959292565134,0.0027117856713803614,-0.0006538181836807544,0.3476871270875248,0.34829226796793306,5.0
uniform,Random forest,10.0,25,0,291,975,0.7537548592066419,0.7489168514040682,0.0061311836726530775,0.004838007802573574,0.4231993791069654,0.4211946394691196,5.0
uniform,Random forest + road distance (ablation),10.0,25,0,291,975,0.8001537562379175,0.8010535676918286,0.002937500214936252,-0.0008998114539111146,0.5458179550734917,0.5514393265013572,5.0
uniform,Road distance only (logistic),10.0,25,0,291,975,0.7295483522906083,0.7271980379142449,0.0026469650685406704,0.0023503143763634825,0.4540520538992238,0.4447573229027223,5.0
uniform,Random forest + river distance,10.0,25,0,291,975,0.7712468641819898,0.7643179184326601,0.004030907918943931,0.0069289457493296736,0.45439825680484675,0.4523529621240365,5.0
uniform,River distance only (logistic),10.0,25,0,291,975,0.596248227906907,0.5950906147524119,0.0031795213933638157,0.0011576131544951407,0.32056585695351536,0.3181651218237802,5.0
uniform,Random forest + road + river distance,10.0,25,0,291,975,0.8074068545909576,0.8044842253308329,0.005237053454900629,0.002922629260124565,0.5499936234883522,0.5503397564150128,5.0
uniform,Slope only (logistic),10.0,25,10,291,975,0.52199613361507,0.5253897848155382,0.004698329249669187,-0.003393651200468195,0.2439894617096229,0.24342862244216096,5.0
uniform,Elevation only (logistic),10.0,25,10,291,975,0.5628699965532228,0.5619205510285564,0.0019011396361569924,0.0009494455246662925,0.23369204523633397,0.2338081436836367,5.0
uniform,Logistic regression,10.0,25,10,291,975,0.6563054743814533,0.6556642181390544,0.0033789839221895863,0.0006412562423989243,0.3476871270875248,0.3472126531152842,5.0
uniform,Random forest,10.0,25,10,291,975,0.7537548592066419,0.7507801002813952,0.006002888669700825,0.0029747589252466567,0.4231993791069654,0.4201894855113847,5.0
uniform,Random forest + road distance (ablation),10.0,25,10,291,975,0.8001537562379175,0.798588805094467,0.004357246159616734,0.001564951143450477,0.5458179550734917,0.5462794696163416,5.0
uniform,Road distance only (logistic),10.0,25,10,291,975,0.7295483522906083,0.7271980379142449,0.0026469650685406704,0.0023503143763634825,0.4540520538992238,0.4447573229027223,5.0
uniform,Random forest + river distance,10.0,25,10,291,975,0.7712468641819898,0.7598395937783823,0.003442994032897212,0.011407270403607627,0.45439825680484675,0.44615067069621306,5.0
uniform,River distance only (logistic),10.0,25,10,291,975,0.596248227906907,0.5950906147524119,0.0031795213933638157,0.0011576131544951407,0.32056585695351536,0.3181651218237802,5.0
uniform,Random forest + road + river distance,10.0,25,10,291,975,0.8074068545909576,0.8019671037768805,0.004082486034205102,0.005439750814076816,0.5499936234883522,0.5461431218793751,5.0
uniform,Slope only (logistic),10.0,50,0,291,975,0.52199613361507,0.5206370120938653,0.005978242460067984,0.0013591215212046758,0.2439894617096229,0.23845810977058565,5.0
uniform,Elevation only (logistic),10.0,50,0,291,975,0.5628699965532228,0.5579061842168455,0.004175869210520411,0.004963812336377304,0.23369204523633397,0.2316111841458989,5.0
uniform,Logistic regression,10.0,50,0,291,975,0.6563054743814533,0.6451153850649972,0.006778595401759521,0.011190089316455997,0.3476871270875248,0.3287804082065341,5.0
uniform,Random forest,10.0,50,0,291,975,0.7537548592066419,0.75012068236763,0.007502599174176717,0.0036341768390119266,0.4231993791069654,0.40824627800698277,5.0
uniform,Random forest + road distance (ablation),10.0,50,0,291,975,0.8001537562379175,0.7970198012468815,0.004643365515344712,0.003133954991036014,0.5458179550734917,0.5278950983661526,5.0
uniform,Road distance only (logistic),10.0,50,0,291,975,0.7295483522906083,0.7275662524514473,0.005575596191141786,0.0019820998391609336,0.4540520538992238,0.440413974990852,5.0
uniform,Random forest + river distance,10.0,50,0,291,975,0.7712468641819898,0.7572525861077368,0.0036206997348331485,0.01399427807425313,0.45439825680484675,0.42410659815685764,5.0
uniform,River distance only (logistic),10.0,50,0,291,975,0.596248227906907,0.5859500276995694,0.013895288342932976,0.010298200207337672,0.32056585695351536,0.30972944856097434,5.0
uniform,Random forest + road + river distance,10.0,50,0,291,975,0.8074068545909576,0.7997619758391882,0.0024307143410557284,0.007644878751769335,0.5499936234883522,0.5292599427306011,5.0
uniform,Slope only (logistic),10.0,50,10,291,975,0.52199613361507,0.5206370120938653,0.005978242460067984,0.0013591215212046758,0.2439894617096229,0.23845810977058565,5.0
uniform,Elevation only (logistic),10.0,50,10,291,975,0.5628699965532228,0.5579061842168455,0.004175869210520411,0.004963812336377304,0.23369204523633397,0.2316111841458989,5.0
uniform,Logistic regression,10.0,50,10,291,975,0.6563054743814533,0.6401104610170342,0.0060653453614977265,0.016195013364419086,0.3476871270875248,0.3275532939837344,5.0
uniform,Random forest,10.0,50,10,291,975,0.7537548592066419,0.7480353745048792,0.008963284117728811,0.005719484701762556,0.4231993791069654,0.4111997453943356,5.0
uniform,Random forest + road distance (ablation),10.0,50,10,291,975,0.8001537562379175,0.7936822829729244,0.004999888795210083,0.006471473264993133,0.5458179550734917,0.5251764115895726,5.0
uniform,Road distance only (logistic),10.0,50,10,291,975,0.7295483522906083,0.7275662524514473,0.005575596191141786,0.0019820998391609336,0.4540520538992238,0.440413974990852,5.0
uniform,Random forest + river distance,10.0,50,10,291,975,0.7712468641819898,0.7504422428559627,0.005595042698163406,0.020804621326027097,0.45439825680484675,0.42235338865211725,5.0
uniform,River distance only (logistic),10.0,50,10,291,975,0.596248227906907,0.5859500276995694,0.013895288342932976,0.010298200207337672,0.32056585695351536,0.30972944856097434,5.0
uniform,Random forest + road + river distance,10.0,50,10,291,975,0.8074068545909576,0.7971179642873342,0.0031892689355304807,0.010288890303623255,0.5499936234883522,0.5272569955586498,5.0
uniform,Slope only (logistic),10.0,100,0,291,975,0.52199613361507,0.5375790304693037,0.016510705413531845,-0.015582896854233686,0.2439894617096229,0.24179985241300694,5.0
uniform,Elevation only (logistic),10.0,100,0,291,975,0.5628699965532228,0.5610576233091589,0.02800213657124568,0.001812373244063914,0.23369204523633397,0.24340836012799186,5.0
uniform,Logistic regression,10.0,100,0,291,975,0.6563054743814533,0.6528202411989438,0.008189435355503035,0.003485233182509595,0.3476871270875248,0.3328564552556852,5.0
uniform,Random forest,10.0,100,0,291,975,0.7537548592066419,0.7550680730426871,0.006063273976852011,-0.0013132138360451018,0.4231993791069654,0.4063344494724149,5.0
uniform,Random forest + road distance (ablation),10.0,100,0,291,975,0.8001537562379175,0.79986900471939,0.010018218939141722,0.0002847515185275151,0.5458179550734917,0.5255313262338573,5.0
uniform,Road distance only (logistic),10.0,100,0,291,975,0.7295483522906083,0.7185737683620642,0.012216302249139076,0.010974583928544068,0.4540520538992238,0.42204793280722946,5.0
uniform,Random forest + river distance,10.0,100,0,291,975,0.7712468641819898,0.7648943427000943,0.006987353146622118,0.006352521481895623,0.45439825680484675,0.43269461749333543,5.0
uniform,River distance only (logistic),10.0,100,0,291,975,0.596248227906907,0.5793809849394257,0.02204447981122573,0.016867242967481343,0.32056585695351536,0.3032114603032944,5.0
uniform,Random forest + road + river distance,10.0,100,0,291,975,0.8074068545909576,0.8001606038355261,0.011250794729553424,0.007246250755431416,0.5499936234883522,0.5225233203759857,5.0
uniform,Slope only (logistic),10.0,100,10,291,975,0.52199613361507,0.5375790304693037,0.016510705413531845,-0.015582896854233686,0.2439894617096229,0.24179985241300694,5.0
uniform,Elevation only (logistic),10.0,100,10,291,975,0.5628699965532228,0.5610576233091589,0.02800213657124568,0.001812373244063914,0.23369204523633397,0.24340836012799186,5.0
uniform,Logistic regression,10.0,100,10,291,975,0.6563054743814533,0.6504066974952638,0.009351851916192398,0.00589877688618945,0.3476871270875248,0.33213464359033984,5.0
uniform,Random forest,10.0,100,10,291,975,0.7537548592066419,0.7549310291176707,0.006926511296602157,-0.001176169911028957,0.4231993791069654,0.40788646916103344,5.0
uniform,Random forest + road distance (ablation),10.0,100,10,291,975,0.8001537562379175,0.7982721753063722,0.009193091745223817,0.0018815809315453347,0.5458179550734917,0.5250505337404998,5.0
uniform,Road distance only (logistic),10.0,100,10,291,975,0.7295483522906083,0.7185737683620642,0.012216302249139076,0.010974583928544068,0.4540520538992238,0.42204793280722946,5.0
uniform,Random forest + river distance,10.0,100,10,291,975,0.7712468641819898,0.7629642668407207,0.007702687018263336,0.00828259734126906,0.45439825680484675,0.4313404095572616,5.0
uniform,River distance only (logistic),10.0,100,10,291,975,0.596248227906907,0.5793809849394257,0.02204447981122573,0.016867242967481343,0.32056585695351536,0.3032114603032944,5.0
uniform,Random forest + road + river distance,10.0,100,10,291,975,0.8074068545909576,0.7998602348268162,0.012324465874902928,0.007546619764141194,0.5499936234883522,0.5139743988609613,5.0
road_weighted,Slope only (logistic),5.0,25,0,194,975,0.6671311810097235,0.6653557497576108,0.001344193819162117,0.001775431252112769,0.2687924991909453,0.26640316411077025,5.0
road_weighted,Elevation only (logistic),5.0,25,0,194,975,0.6819597909962282,0.6858718810381462,0.004419936617402859,-0.003912090041917948,0.23472438940902224,0.23235846848578276,5.0
road_weighted,Logistic regression,5.0,25,0,194,975,0.6824176615107789,0.6771359207712481,0.004857830960264598,0.005281740739530938,0.2617702349245158,0.262174747640956,5.0
road_weighted,Random forest,5.0,25,0,194,975,0.7301466486729644,0.7259472649521981,0.0038106156086484015,0.004199383720766359,0.33084241512408,0.3248611702376076,5.0
road_weighted,Random forest + road distance (ablation),5.0,25,0,194,975,0.7356422021523237,0.7247349227632254,0.005181181340785074,0.010907279389098235,0.3336781241238939,0.3198380128117668,5.0
road_weighted,Road distance only (logistic),5.0,25,0,194,975,0.46911450223191115,0.449658655008739,0.017818310268199914,0.019455847223172108,0.1711267919001813,0.166729511213604,5.0
road_weighted,Random forest + river distance,5.0,25,0,194,975,0.7425891553340946,0.7399839613414299,0.004588815270506633,0.002605193992664656,0.3522476147294936,0.34762415450818934,5.0
road_weighted,River distance only (logistic),5.0,25,0,194,975,0.5105814042008374,0.4806968159787446,0.02621232307536898,0.02988458822209288,0.19842281677044477,0.18097624573800852,5.0
road_weighted,Random forest + road + river distance,5.0,25,0,194,975,0.7467030693103568,0.7354582888887621,0.008558842622698279,0.011244780421594802,0.35333194719780936,0.32882222516679904,5.0
road_weighted,Slope only (logistic),5.0,25,10,194,975,0.6671311810097235,0.6653557497576108,0.001344193819162117,0.001775431252112769,0.2687924991909453,0.26640316411077025,5.0
road_weighted,Elevation only (logistic),5.0,25,10,194,975,0.6819597909962282,0.6858718810381462,0.004419936617402859,-0.003912090041917948,0.23472438940902224,0.23235846848578276,5.0
road_weighted,Logistic regression,5.0,25,10,194,975,0.6824176615107789,0.6742624967974853,0.00629889176123047,0.008155164713293583,0.2617702349245158,0.2603683215253195,5.0
road_weighted,Random forest,5.0,25,10,194,975,0.7301466486729644,0.7234469270481195,0.005306380854462549,0.006699721624844978,0.33084241512408,0.32125569978069324,5.0
road_weighted,Random forest + road distance (ablation),5.0,25,10,194,975,0.7356422021523237,0.7206534910263469,0.003449689961527036,0.014988711125976616,0.3336781241238939,0.3153372817680289,5.0
road_weighted,Road distance only (logistic),5.0,25,10,194,975,0.46911450223191115,0.4489361901285597,0.01750801755776715,0.020178312103351536,0.1711267919001813,0.167952574724927,5.0
road_weighted,Random forest + river distance,5.0,25,10,194,975,0.7425891553340946,0.734144861125349,0.007337338617194392,0.008444294208745507,0.3522476147294936,0.3355806763802052,5.0
road_weighted,River distance only (logistic),5.0,25,10,194,975,0.5105814042008374,0.47069221078858237,0.019135405548250158,0.039889193412255095,0.19842281677044477,0.1736759661719822,5.0
road_weighted,Random forest + road + river distance,5.0,25,10,194,975,0.7467030693103568,0.7302414689655456,0.005724506508881263,0.016461600344811166,0.35333194719780936,0.3246028288626102,5.0
road_weighted,Slope only (logistic),5.0,50,0,194,975,0.6671311810097235,0.6716907685665064,0.00991885760182186,-0.004559587556783007,0.2687924991909453,0.26538547541150387,5.0
road_weighted,Elevation only (logistic),5.0,50,0,194,975,0.6819597909962282,0.6795255761295478,0.012003339448374504,0.0024342148666804063,0.23472438940902224,0.22565442216246517,5.0
road_weighted,Logistic regression,5.0,50,0,194,975,0.6824176615107789,0.686268852970081,0.011105493832772012,-0.003851191459302061,0.2617702349245158,0.2579078174411641,5.0
road_weighted,Random forest,5.0,50,0,194,975,0.7301466486729644,0.7233823163036295,0.0166486044565196,0.00676433236933498,0.33084241512408,0.30820089165611403,5.0
road_weighted,Random forest + road distance (ablation),5.0,50,0,194,975,0.7356422021523237,0.7263890956098759,0.015384839139200225,0.009253106542447797,0.3336781241238939,0.3050721871840473,5.0
road_weighted,Road distance only (logistic),5.0,50,0,194,975,0.46911450223191115,0.4442779138193035,0.008038574992244762,0.02483658841260763,0.1711267919001813,0.16126687992017644,5.0
road_weighted,Random forest + river distance,5.0,50,0,194,975,0.7425891553340946,0.7340699168494828,0.017367637577637717,0.00851923848461178,0.3522476147294936,0.33378407571398755,5.0
road_weighted,River distance only (logistic),5.0,50,0,194,975,0.5105814042008374,0.4957556594803457,0.03538398912044752,0.01482574472049165,0.19842281677044477,0.1889664554033427,5.0
road_weighted,Random forest + road + river distance,5.0,50,0,194,975,0.7467030693103568,0.7358123847239925,0.01791340613700118,0.010890684586364463,0.35333194719780936,0.3200216599656325,5.0
road_weighted,Slope only (logistic),5.0,50,10,194,975,0.6671311810097235,0.6716907685665064,0.00991885760182186,-0.004559587556783007,0.2687924991909453,0.26538547541150387,5.0
road_weighted,Elevation only (logistic),5.0,50,10,194,975,0.6819597909962282,0.6795255761295478,0.012003339448374504,0.0024342148666804063,0.23472438940902224,0.22565442216246517,5.0
road_weighted,Logistic regression,5.0,50,10,194,975,0.6824176615107789,0.6842556460452027,0.010806493638548378,-0.0018379845344237422,0.2617702349245158,0.26133239998983954,5.0
road_weighted,Random forest,5.0,50,10,194,975,0.7301466486729644,0.720508119354427,0.020714466265464027,0.009638529318537481,0.33084241512408,0.30408097049792826,5.0
road_weighted,Random forest + road distance (ablation),5.0,50,10,194,975,0.7356422021523237,0.7206575284769139,0.016726674095948343,0.014984673675409788,0.3336781241238939,0.29905901389433703,5.0
road_weighted,Road distance only (logistic),5.0,50,10,194,975,0.46911450223191115,0.4442779138193035,0.008038574992244762,0.02483658841260763,0.1711267919001813,0.16126687992017644,5.0
road_weighted,Random forest + river distance,5.0,50,10,194,975,0.7425891553340946,0.72790627819186,0.017064113020689723,0.014682877142234419,0.3522476147294936,0.3283718297878691,5.0
road_weighted,River distance only (logistic),5.0,50,10,194,975,0.5105814042008374,0.4878910761470124,0.03789120010281291,0.022690328053824992,0.19842281677044477,0.18516168311452758,5.0
road_weighted,Random forest + road + river distance,5.0,50,10,194,975,0.7467030693103568,0.7280851094337217,0.019050912446039892,0.01861795987663504,0.35333194719780936,0.31359860837418785,5.0
road_weighted,Slope only (logistic),5.0,100,0,194,975,0.6671311810097235,0.6675671167708513,0.011135771441845625,-0.00043593576112783695,0.2687924991909453,0.26907034430369525,5.0
road_weighted,Elevation only (logistic),5.0,100,0,194,975,0.6819597909962282,0.6814717536765341,0.012631303091750087,0.00048803731969420116,0.23472438940902224,0.23708052967774362,5.0
road_weighted,Logistic regression,5.0,100,0,194,975,0.6824176615107789,0.6820855767023468,0.010973809029205285,0.0003320848084321648,0.2617702349245158,0.26062124017291854,5.0
road_weighted,Random forest,5.0,100,0,194,975,0.7301466486729644,0.7250550732509232,0.013896311928788667,0.005091575422041328,0.33084241512408,0.3286029103921224,5.0
road_weighted,Random forest + road distance (ablation),5.0,100,0,194,975,0.7356422021523237,0.7281313144534663,0.014472175383441258,0.007510887698857327,0.3336781241238939,0.3207901267210674,5.0
road_weighted,Road distance only (logistic),5.0,100,0,194,975,0.46911450223191115,0.4545007993132611,0.01755532610681753,0.014613702918650084,0.1711267919001813,0.16159348039840787,5.0
road_weighted,Random forest + river distance,5.0,100,0,194,975,0.7425891553340946,0.7353654532034699,0.015060286296860721,0.007223702130624621,0.3522476147294936,0.3386507192369742,5.0
road_weighted,River distance only (logistic),5.0,100,0,194,975,0.5105814042008374,0.5141479963124171,0.008900777819098335,-0.0035665921115796808,0.19842281677044477,0.20076549448930853,5.0
road_weighted,Random forest + road + river distance,5.0,100,0,194,975,0.7467030693103568,0.7356124398755256,0.015569271438866503,0.011090629434831144,0.35333194719780936,0.32670372431938477,5.0
road_weighted,Slope only (logistic),5.0,100,10,194,975,0.6671311810097235,0.6675671167708513,0.011135771441845625,-0.00043593576112783695,0.2687924991909453,0.26907034430369525,5.0
road_weighted,Elevation only (logistic),5.0,100,10,194,975,0.6819597909962282,0.6814717536765341,0.012631303091750087,0.00048803731969420116,0.23472438940902224,0.23708052967774362,5.0
road_weighted,Logistic regression,5.0,100,10,194,975,0.6824176615107789,0.6803791022335456,0.011417450803299835,0.0020385592772333982,0.2617702349245158,0.26066990550353447,5.0
road_weighted,Random forest,5.0,100,10,194,975,0.7301466486729644,0.7213516315338597,0.013690437618775449,0.00879501713910471,0.33084241512408,0.31864277444764555,5.0
road_weighted,Random forest + road distance (ablation),5.0,100,10,194,975,0.7356422021523237,0.7275443948680413,0.014481362072887324,0.00809780728428242,0.3336781241238939,0.32023015806703586,5.0
road_weighted,Road distance only (logistic),5.0,100,10,194,975,0.46911450223191115,0.4546479856203603,0.01694866519974645,0.014466516611550939,0.1711267919001813,0.16085797905339982,5.0
road_weighted,Random forest + river distance,5.0,100,10,194,975,0.7425891553340946,0.7332896527638431,0.013369456581991408,0.00929950257025145,0.3522476147294936,0.33750877080007974,5.0
road_weighted,River distance only (logistic),5.0,100,10,194,975,0.5105814042008374,0.5092841031434392,0.013172211244708344,0.0012973010573982258,0.19842281677044477,0.19806530735749328,5.0
road_weighted,Random forest + road + river distance,5.0,100,10,194,975,0.7467030693103568,0.7337389613630382,0.017678046997669984,0.012964107947318504,0.35333194719780936,0.3228879481191932,5.0
road_weighted,Slope only (logistic),10.0,25,0,291,975,0.6564427760044358,0.6554819449969764,0.00206890985238123,0.000960831007459384,0.33621475160604575,0.33459253860263,5.0
road_weighted,Elevation only (logistic),10.0,25,0,291,975,0.6633582400455573,0.6623430612052381,0.0022899787077362366,0.0010151788403193417,0.30004022964787164,0.2989077969335712,5.0
road_weighted,Logistic regression,10.0,25,0,291,975,0.6618035336959943,0.6599965021461869,0.004844456966786551,0.0018070315498074142,0.3292387928966514,0.32800245813574264,5.0
road_weighted,Random forest,10.0,25,0,291,975,0.7010433844355527,0.7004390471403812,0.003930697284780638,0.0006043372951716642,0.37837714546850754,0.37007618659450137,5.0
road_weighted,Random forest + road distance (ablation),10.0,25,0,291,975,0.7085861319666111,0.7085570482625233,0.006552255549878935,2.9083704087962127e-05,0.3843737109746712,0.37349448005580127,5.0
road_weighted,Road distance only (logistic),10.0,25,0,291,975,0.476646855190397,0.48272027882408813,0.017077999690498644,-0.006073423633691055,0.2501171984671965,0.25170888750152126,5.0
road_weighted,Random forest + river distance,10.0,25,0,291,975,0.7210805496860436,0.7186136504949884,0.003182385064149042,0.002466899191055183,0.40976541411820866,0.3995779967767399,5.0
road_weighted,River distance only (logistic),10.0,25,0,291,975,0.5182772108078947,0.5170841373831179,0.0033152600057435025,0.0011930734247768582,0.2703709164296019,0.2685267007729447,5.0
road_weighted,Random forest + road + river distance,10.0,25,0,291,975,0.7274778881745567,0.7211789292945727,0.002823149209495248,0.006298958879984129,0.4138366785042128,0.3993154105033737,5.0
road_weighted,Slope only (logistic),10.0,25,10,291,975,0.6564427760044358,0.6554819449969764,0.00206890985238123,0.000960831007459384,0.33621475160604575,0.33459253860263,5.0
road_weighted,Elevation only (logistic),10.0,25,10,291,975,0.6633582400455573,0.6623430612052381,0.0022899787077362366,0.0010151788403193417,0.30004022964787164,0.2989077969335712,5.0
road_weighted,Logistic regression,10.0,25,10,291,975,0.6618035336959943,0.6591375580326867,0.0053850870541674156,0.002665975663307596,0.3292387928966514,0.32509494590401217,5.0
road_weighted,Random forest,10.0,25,10,291,975,0.7010433844355527,0.6966564969660028,0.006049723634934935,0.004386887469549849,0.37837714546850754,0.3685312906915279,5.0
road_weighted,Random forest + road distance (ablation),10.0,25,10,291,975,0.7085861319666111,0.7023750357148794,0.008294301021331343,0.006211096251731929,0.3843737109746712,0.3766414156233557,5.0
road_weighted,Road distance only (logistic),10.0,25,10,291,975,0.476646855190397,0.48544307244418716,0.010874456968254584,-0.00879621725379014,0.2501171984671965,0.25206617670869447,5.0
road_weighted,Random forest + river distance,10.0,25,10,291,975,0.7210805496860436,0.711110232951441,0.00964347487680523,0.009970316734602558,0.40976541411820866,0.3850885292809722,5.0
road_weighted,River distance only (logistic),10.0,25,10,291,975,0.5182772108078947,0.510522843030822,0.011052433787523188,0.007754367777072657,0.2703709164296019,0.26391874061281906,5.0
road_weighted,Random forest + road + river distance,10.0,25,10,291,975,0.7274778881745567,0.7155330568593625,0.008435285902566068,0.011944831315194193,0.4138366785042128,0.3918922752005935,5.0
road_weighted,Slope only (logistic),10.0,50,0,291,975,0.6564427760044358,0.6562489831195865,0.010468739373539841,0.0001937928848494419,0.33621475160604575,0.330998774076009,5.0
road_weighted,Elevation only (logistic),10.0,50,0,291,975,0.6633582400455573,0.658520193601061,0.011696254657440964,0.004838046444496457,0.30004022964787164,0.2918161330764173,5.0
road_weighted,Logistic regression,10.0,50,0,291,975,0.6618035336959943,0.6679149786981966,0.01248605610342946,-0.0061114450022022645,0.3292387928966514,0.3309117509106027,5.0
road_weighted,Random forest,10.0,50,0,291,975,0.7010433844355527,0.6914905893051853,0.012106758263192291,0.009552795130367508,0.37837714546850754,0.35132944228887475,5.0
road_weighted,Random forest + road distance (ablation),10.0,50,0,291,975,0.7085861319666111,0.7033553728842463,0.013642741038165969,0.005230759082364899,0.3843737109746712,0.360599636052837,5.0
road_weighted,Road distance only (logistic),10.0,50,0,291,975,0.476646855190397,0.4723020549459915,0.013221051598526741,0.004344800244405511,0.2501171984671965,0.2427367700189594,5.0
road_weighted,Random forest + river distance,10.0,50,0,291,975,0.7210805496860436,0.7096388737236656,0.014739160136024011,0.011441675962377862,0.40976541411820866,0.38029156178840806,5.0
road_weighted,River distance only (logistic),10.0,50,0,291,975,0.5182772108078947,0.5030534109362852,0.03390733713606653,0.015223799871609467,0.2703709164296019,0.26048515779753034,5.0
road_weighted,Random forest + road + river distance,10.0,50,0,291,975,0.7274778881745567,0.7139884513736068,0.01548505116431814,0.01348943680095005,0.4138366785042128,0.3805538654590944,5.0
road_weighted,Slope only (logistic),10.0,50,10,291,975,0.6564427760044358,0.6562489831195865,0.010468739373539841,0.0001937928848494419,0.33621475160604575,0.330998774076009,5.0
road_weighted,Elevation only (logistic),10.0,50,10,291,975,0.6633582400455573,0.658520193601061,0.011696254657440964,0.004838046444496457,0.30004022964787164,0.2918161330764173,5.0
road_weighted,Logistic regression,10.0,50,10,291,975,0.6618035336959943,0.6657376258579569,0.012793981992630777,-0.003934092161962677,0.3292387928966514,0.3331608543720173,5.0
road_weighted,Random forest,10.0,50,10,291,975,0.7010433844355527,0.6893986090782149,0.01252853739366579,0.011644775357337855,0.37837714546850754,0.35340211050284587,5.0
road_weighted,Random forest + road distance (ablation),10.0,50,10,291,975,0.7085861319666111,0.6975305847765247,0.0148672875305978,0.011055547190086501,0.3843737109746712,0.3577260309067901,5.0
road_weighted,Road distance only (logistic),10.0,50,10,291,975,0.476646855190397,0.46926416200097776,0.012988287145737331,0.007382693189419176,0.2501171984671965,0.24388306324514158,5.0
road_weighted,Random forest + river distance,10.0,50,10,291,975,0.7210805496860436,0.7062191721780998,0.01434679601217434,0.014861377507943719,0.40976541411820866,0.3773914281834486,5.0
road_weighted,River distance only (logistic),10.0,50,10,291,975,0.5182772108078947,0.5030534109362852,0.03390733713606653,0.015223799871609467,0.2703709164296019,0.26048515779753034,5.0
road_weighted,Random forest + road + river distance,10.0,50,10,291,975,0.7274778881745567,0.710627701547361,0.01609458715991718,0.016850186627195774,0.4138366785042128,0.3776120073315633,5.0
road_weighted,Slope only (logistic),10.0,100,0,291,975,0.6564427760044358,0.6532922054992467,0.011329605086665927,0.0031505705051890986,0.33621475160604575,0.3411663634226995,5.0
road_weighted,Elevation only (logistic),10.0,100,0,291,975,0.6633582400455573,0.6599454524351265,0.014464771411012916,0.003412787610430912,0.30004022964787164,0.3012334373228625,5.0
road_weighted,Logistic regression,10.0,100,0,291,975,0.6618035336959943,0.6588208344944216,0.011690348848536362,0.0029826992015727027,0.3292387928966514,0.33389138494975984,5.0
road_weighted,Random forest,10.0,100,0,291,975,0.7010433844355527,0.688829071513181,0.010432403193671105,0.012214312922371873,0.37837714546850754,0.3625516369237235,5.0
road_weighted,Random forest + road distance (ablation),10.0,100,0,291,975,0.7085861319666111,0.696661611911679,0.011599436177518008,0.011924520054932209,0.3843737109746712,0.37722362181050595,5.0
road_weighted,Road distance only (logistic),10.0,100,0,291,975,0.476646855190397,0.45689216384492826,0.012083863010620217,0.0197546913454688,0.2501171984671965,0.23665260263262078,5.0
road_weighted,Random forest + river distance,10.0,100,0,291,975,0.7210805496860436,0.701443415613314,0.011643388697225502,0.019637134072729424,0.40976541411820866,0.3850000824186641,5.0
road_weighted,River distance only (logistic),10.0,100,0,291,975,0.5182772108078947,0.522161355466103,0.012089766453107047,-0.0038841446582082773,0.2703709164296019,0.27139478124398553,5.0
road_weighted,Random forest + road + river distance,10.0,100,0,291,975,0.7274778881745567,0.7066430187829531,0.013798840366638684,0.020834869391603707,0.4138366785042128,0.3863911451889432,5.0
road_weighted,Slope only (logistic),10.0,100,10,291,975,0.6564427760044358,0.6532922054992467,0.011329605086665927,0.0031505705051890986,0.33621475160604575,0.3411663634226995,5.0
road_weighted,Elevation only (logistic),10.0,100,10,291,975,0.6633582400455573,0.6599454524351265,0.014464771411012916,0.003412787610430912,0.30004022964787164,0.3012334373228625,5.0
road_weighted,Logistic regression,10.0,100,10,291,975,0.6618035336959943,0.6568223585721533,0.01196962741995075,0.004981175123840975,0.3292387928966514,0.33053601600346194,5.0
road_weighted,Random forest,10.0,100,10,291,975,0.7010433844355527,0.6850329982825117,0.008770250702287891,0.016010386153040866,0.37837714546850754,0.36207523044098844,5.0
road_weighted,Random forest + road distance (ablation),10.0,100,10,291,975,0.7085861319666111,0.6976675446715529,0.010300839879101548,0.010918587295058369,0.3843737109746712,0.37534677198574473,5.0
road_weighted,Road distance only (logistic),10.0,100,10,291,975,0.476646855190397,0.45689216384492826,0.012083863010620217,0.0197546913454688,0.2501171984671965,0.23665260263262078,5.0
road_weighted,Random forest + river distance,10.0,100,10,291,975,0.7210805496860436,0.6960076754972743,0.009920244001402888,0.025072874188769224,0.40976541411820866,0.3747224415617693,5.0
road_weighted,River distance only (logistic),10.0,100,10,291,975,0.5182772108078947,0.522161355466103,0.012089766453107047,-0.0038841446582082773,0.2703709164296019,0.27139478124398553,5.0
road_weighted,Random forest + road + river distance,10.0,100,10,291,975,0.7274778881745567,0.7052871417810332,0.012018621299601422,0.02219074639352341,0.4138366785042128,0.38496534559094225,5.0
