abs_set,block_km,features,random_auroc,spatial_auroc,gap,spatial_folds_scored
uniform,50,terrain,0.7701730855738954,0.7666878966282257,0.0034851889456696704,5.0
uniform,50,"terrain + x, y",0.8255917505796047,0.7780594572577303,0.047532293321874544,5.0
uniform,50,"x, y only",0.81191113879373,0.6856341353029535,0.12627700349077636,5.0
uniform,100,terrain,0.7701730855738954,0.7699371939986998,0.00023589157519552373,5.0
uniform,100,"x, y only",0.81191113879373,0.6627477214800775,0.14916341731365243,5.0
uniform,200,terrain,0.7701730855738954,0.7552159432625798,0.014957142311315619,4.4
uniform,200,"x, y only",0.81191113879373,0.5055114491939807,0.30639968959974906,4.4
road_weighted,50,terrain,0.7301466486729644,0.720508119354427,0.009638529318537481,5.0
road_weighted,50,"terrain + x, y",0.7679563306688812,0.7369768196216151,0.030979511047266105,5.0
road_weighted,50,"x, y only",0.7549135264195993,0.6990637468761323,0.05584977954346706,5.0
road_weighted,100,terrain,0.7301466486729644,0.7213516315338597,0.00879501713910471,5.0
road_weighted,100,"x, y only",0.7549135264195993,0.6798512555854781,0.07506227083412127,5.0
road_weighted,200,terrain,0.7301466486729644,0.7174503103685186,0.012696338304445897,4.6
road_weighted,200,"x, y only",0.7549135264195993,0.5022865125337403,0.25262701388585906,4.6
